flight_id,airline,flight_number,aircraft_type,origin_code,origin_city,origin_country,destination_code,destination_city,destination_country,scheduled_departure,scheduled_arrival,flight_duration_min,status,delay_minutes,delay_reason,cancellation_reason,passengers,seat_capacity,load_factor_pct,cabin_class,ticket_price_eur,fuel_consumed_kg,distance_km,is_international,season,day_of_week,is_weekend
ANV0001,AirNova,NV189,Embraer E190,MRS,Marseille,France,CDG,Paris,France,2024-07-29 23:30,2024-07-30 02:35,185,À l'heure,0,Aucun,Aucun,115,209,55.0,Affaires,136.12,792.6,1841.4,0,Été,Monday,0
ANV0002,AirNova,NV529,Airbus A321,CDG,Paris,France,MRS,Marseille,France,2023-06-19 19:42,2023-06-19 22:26,164,À l'heure,0,Aucun,Aucun,86,229,37.6,Affaires,218.01,640.0,1663.7,0,Été,Monday,0
ANV0003,AirNova,NV444,Airbus A320,LIL,Lille,France,CDG,Paris,France,2024-08-12 09:11,2024-08-12 16:48,457,À l'heure,0,Aucun,Aucun,188,209,90.0,Économique,285.19,2017.4,3495.7,0,Été,Monday,0
ANV0004,AirNova,NV400,Embraer E190,MRS,Marseille,France,MAD,Madrid,Espagne,2024-10-20 06:26,2024-10-20 10:07,221,À l'heure,0,Aucun,Aucun,91,208,43.8,Économique Premium,504.79,587.3,2916.8,1,Automne,Sunday,1
ANV0005,AirNova,NV489,Boeing 737-800,LHR,Londres,Royaume-Uni,ATH,Athènes,Grèce,2023-05-30 08:31,2023-05-30 15:16,405,À l'heure,0,Aucun,Aucun,138,175,78.9,Économique,886.44,1714.4,4120.4,1,Printemps,Tuesday,0
ANV0006,AirNova,NV846,Airbus A321,LHR,Londres,Royaume-Uni,BOD,Bordeaux,France,2023-10-15 12:40,2023-10-15 16:26,226,À l'heure,0,Aucun,Aucun,148,230,64.3,Affaires,109.69,642.4,1840.5,1,Automne,Sunday,1
ANV0007,AirNova,NV167,Airbus A321,MAD,Madrid,Espagne,LIL,Lille,France,2024-12-19 18:32,2024-12-20 00:44,372,Retardé,127,Trafic aérien,Aucun,94,152,61.8,Économique Premium,747.53,1228.5,4981.8,1,Hiver,Thursday,0
ANV0008,AirNova,NV651,Boeing 737-800,LIS,Lisbonne,Portugal,AMS,Amsterdam,Pays-Bas,2023-06-15 03:38,2023-06-15 09:58,380,À l'heure,0,Aucun,Aucun,197,206,95.6,Économique,274.15,1516.2,4647.1,1,Été,Thursday,0
ANV0009,AirNova,NV256,Airbus A321,BCN,Barcelone,Espagne,ATH,Athènes,Grèce,2023-11-07 05:21,2023-11-07 09:11,230,À l'heure,0,Aucun,Aucun,115,180,63.9,Économique,468.49,971.1,2885.2,1,Automne,Tuesday,0
ANV0010,AirNova,NV217,Embraer E190,BCN,Barcelone,Espagne,NCE,Nice,France,2023-10-26 20:34,2023-10-27 00:34,240,À l'heure,0,Aucun,Aucun,199,215,92.6,Économique,874.42,926.5,2941.5,1,Automne,Thursday,0
ANV0011,AirNova,NV208,Boeing 737-800,AMS,Amsterdam,Pays-Bas,MRS,Marseille,France,2023-08-16 23:14,2023-08-17 03:41,267,À l'heure,0,Aucun,Aucun,80,147,54.4,Économique,875.1,938.6,3442.1,1,Été,Wednesday,0
ANV0012,AirNova,NV951,Boeing 737-800,FRA,Francfort,Allemagne,NTE,Nantes,France,2023-04-29 17:07,2023-04-29 21:03,236,Retardé,291,Météo,Aucun,162,224,72.3,Économique Premium,65.56,1004.8,2047.6,1,Printemps,Saturday,1
ANV0013,AirNova,NV640,Embraer E190,STR,Strasbourg,France,ATH,Athènes,Grèce,2023-03-03 04:08,2023-03-03 05:36,88,Retardé,50,Technique,Aucun,112,196,57.1,Affaires,452.99,249.1,876.7,1,Printemps,Friday,0
ANV0014,AirNova,NV330,Airbus A320,NTE,Nantes,France,LIS,Lisbonne,Portugal,2024-08-09 15:09,2024-08-09 22:07,418,Retardé,174,Opérationnel,Aucun,175,203,86.2,Économique Premium,813.67,1146.2,3915.2,1,Été,Friday,0
ANV0015,AirNova,NV172,Embraer E190,LIS,Lisbonne,Portugal,MUC,Munich,Allemagne,2023-06-28 17:38,2023-06-28 23:24,346,À l'heure,0,Aucun,Aucun,98,113,86.7,Économique,243.6,1459.9,2998.4,1,Été,Wednesday,0
ANV0016,AirNova,NV541,Boeing 737-800,MXP,Milan,Italie,NTE,Nantes,France,2024-02-23 20:02,2024-02-23 21:54,112,Retardé,257,Technique,Aucun,201,226,88.9,Économique,395.0,301.7,1116.1,1,Hiver,Friday,0
ANV0017,AirNova,NV294,Embraer E190,FCO,Rome,Italie,LYS,Lyon,France,2024-06-07 00:25,2024-06-07 06:44,379,En avance,-8,Aucun,Aucun,95,198,48.0,Économique,667.98,1136.0,3843.2,1,Été,Friday,0
ANV0018,AirNova,NV767,Embraer E190,BCN,Barcelone,Espagne,BOD,Bordeaux,France,2023-08-05 08:27,2023-08-05 13:08,281,À l'heure,0,Aucun,Aucun,99,212,46.7,Affaires,735.82,757.5,3611.5,1,Été,Saturday,1
ANV0019,AirNova,NV499,Boeing 737-800,NCE,Nice,France,LIL,Lille,France,2023-05-10 04:15,2023-05-10 08:28,253,À l'heure,0,Aucun,Aucun,134,185,72.4,Économique,816.08,824.3,3411.9,0,Printemps,Wednesday,0
ANV0020,AirNova,NV693,Embraer E190,FCO,Rome,Italie,BRU,Bruxelles,Belgique,2023-11-25 13:25,2023-11-25 20:06,401,En avance,-30,Aucun,Aucun,204,208,98.1,Économique,210.41,1779.4,2978.1,1,Automne,Saturday,1
ANV0021,AirNova,NV290,Airbus A320,AMS,Amsterdam,Pays-Bas,LYS,Lyon,France,2023-02-08 22:43,2023-02-09 04:27,344,À l'heure,0,Aucun,Aucun,215,220,97.7,Affaires,97.35,915.1,3840.8,1,Hiver,Wednesday,0
ANV0022,AirNova,NV423,Boeing 737-800,STR,Strasbourg,France,BCN,Barcelone,Espagne,2023-04-04 02:50,2023-04-04 08:26,336,À l'heure,0,Aucun,Aucun,90,110,81.8,Affaires,405.34,1219.8,2832.4,1,Printemps,Tuesday,0
ANV0023,AirNova,NV736,Embraer E190,AMS,Amsterdam,Pays-Bas,STR,Strasbourg,France,2023-07-26 07:24,2023-07-26 11:31,247,À l'heure,0,Aucun,Aucun,156,214,72.9,Économique,317.75,622.1,3451.3,1,Été,Wednesday,0
ANV0024,AirNova,NV261,Boeing 737 MAX,NCE,Nice,France,LIS,Lisbonne,Portugal,2023-06-15 13:29,2023-06-15 18:33,304,À l'heure,0,Aucun,Aucun,169,225,75.1,Économique,107.47,984.7,3902.2,1,Été,Thursday,0
ANV0025,AirNova,NV259,Boeing 737-800,BRU,Bruxelles,Belgique,MUC,Munich,Allemagne,2023-01-07 01:49,2023-01-07 08:15,386,Retardé,168,Météo,Aucun,114,147,77.6,Économique,147.11,1538.1,3463.3,1,Hiver,Saturday,1
ANV0026,AirNova,NV533,Boeing 737-800,NTE,Nantes,France,LHR,Londres,Royaume-Uni,2023-06-08 03:19,2023-06-08 09:55,396,À l'heure,0,Aucun,Aucun,147,211,69.7,Économique,464.25,1063.1,2894.2,1,Été,Thursday,0
ANV0027,AirNova,NV177,Airbus A321,AMS,Amsterdam,Pays-Bas,TLS,Toulouse,France,2024-05-09 20:39,2024-05-09 23:38,179,À l'heure,0,Aucun,Aucun,193,228,84.6,Affaires,648.82,451.0,1936.6,1,Printemps,Thursday,0
ANV0028,AirNova,NV315,Airbus A321,LHR,Londres,Royaume-Uni,ATH,Athènes,Grèce,2024-03-05 03:48,2024-03-05 05:48,120,À l'heure,0,Aucun,Aucun,90,168,53.6,Économique,358.95,515.7,1400.2,1,Printemps,Tuesday,0
ANV0029,AirNova,NV125,Airbus A321,LHR,Londres,Royaume-Uni,LIS,Lisbonne,Portugal,2024-11-17 17:27,2024-11-17 21:40,253,En avance,-28,Aucun,Aucun,119,149,79.9,Économique,783.91,1078.5,3075.5,1,Automne,Sunday,1
ANV0030,AirNova,NV979,Boeing 737 MAX,AMS,Amsterdam,Pays-Bas,FCO,Rome,Italie,2024-09-15 02:44,2024-09-15 09:11,387,Retardé,142,Trafic aérien,Aucun,120,220,54.5,Économique Premium,645.09,1642.6,3311.6,1,Automne,Sunday,1
ANV0031,AirNova,NV891,Boeing 737-800,FCO,Rome,Italie,LHR,Londres,Royaume-Uni,2023-08-26 01:10,2023-08-26 08:55,465,Retardé,131,Technique,Aucun,86,135,63.7,Économique Premium,387.7,1966.3,4398.0,1,Été,Saturday,1
ANV0032,AirNova,NV371,Airbus A320,FRA,Francfort,Allemagne,MAD,Madrid,Espagne,2024-06-11 19:08,2024-06-12 03:04,476,À l'heure,0,Aucun,Aucun,87,116,75.0,Économique Premium,794.48,1360.0,3693.2,1,Été,Tuesday,0
ANV0033,AirNova,NV145,Boeing 737 MAX,BCN,Barcelone,Espagne,LHR,Londres,Royaume-Uni,2024-07-19 21:03,2024-07-20 04:30,447,À l'heure,0,Aucun,Aucun,210,213,98.6,Affaires,376.42,1287.4,3134.3,1,Été,Friday,0
ANV0034,AirNova,NV407,Embraer E190,MUC,Munich,Allemagne,NTE,Nantes,France,2023-10-10 21:34,2023-10-11 01:59,265,À l'heure,0,Aucun,Aucun,164,204,80.4,Économique,612.88,1044.0,2428.7,1,Automne,Tuesday,0
ANV0035,AirNova,NV278,Embraer E190,BCN,Barcelone,Espagne,AMS,Amsterdam,Pays-Bas,2023-11-09 13:17,2023-11-09 19:58,401,À l'heure,0,Aucun,Aucun,112,136,82.4,Économique Premium,406.38,1545.7,4404.5,1,Automne,Thursday,0
ANV0036,AirNova,NV576,Boeing 737 MAX,MAD,Madrid,Espagne,LIS,Lisbonne,Portugal,2024-10-09 13:45,2024-10-09 14:30,45,À l'heure,0,Aucun,Aucun,133,188,70.7,Affaires,716.9,171.4,454.3,1,Automne,Wednesday,0
ANV0037,AirNova,NV734,Boeing 737-800,NTE,Nantes,France,MUC,Munich,Allemagne,2024-01-03 12:49,2024-01-03 20:20,451,Annulé,0,Aucun,Problème technique majeur,123,207,59.4,Affaires,121.08,1726.3,3451.8,1,Hiver,Wednesday,0
ANV0038,AirNova,NV886,Airbus A320,STR,Strasbourg,France,AMS,Amsterdam,Pays-Bas,2023-06-24 11:36,2023-06-24 19:13,457,À l'heure,0,Aucun,Aucun,86,97,88.7,Économique Premium,257.12,1701.2,4655.9,1,Été,Saturday,1
ANV0039,AirNova,NV868,Airbus A320,LIS,Lisbonne,Portugal,NTE,Nantes,France,2024-07-11 22:56,2024-07-12 05:37,401,À l'heure,0,Aucun,Aucun,182,197,92.4,Affaires,174.44,1006.9,4992.0,1,Été,Thursday,0
ANV0040,AirNova,NV920,Boeing 737 MAX,STR,Strasbourg,France,BOD,Bordeaux,France,2024-09-16 13:41,2024-09-16 20:22,401,À l'heure,0,Aucun,Aucun,92,155,59.4,Économique,828.85,1368.6,4680.9,0,Automne,Monday,0
ANV0041,AirNova,NV262,Boeing 737 MAX,MUC,Munich,Allemagne,AMS,Amsterdam,Pays-Bas,2024-08-09 14:52,2024-08-09 19:23,271,À l'heure,0,Aucun,Aucun,209,222,94.1,Affaires,754.98,919.2,2750.8,1,Été,Friday,0
ANV0042,AirNova,NV378,Boeing 737-800,STR,Strasbourg,France,BRU,Bruxelles,Belgique,2024-08-17 19:48,2024-08-18 03:11,443,À l'heure,0,Aucun,Aucun,141,176,80.1,Affaires,422.89,1360.7,4092.4,1,Été,Saturday,1
ANV0043,AirNova,NV655,Boeing 737 MAX,MUC,Munich,Allemagne,NCE,Nice,France,2023-04-18 11:28,2023-04-18 13:30,122,À l'heure,0,Aucun,Aucun,119,209,56.9,Économique Premium,230.86,404.5,1209.1,1,Printemps,Tuesday,0
ANV0044,AirNova,NV499,Boeing 737 MAX,NTE,Nantes,France,FCO,Rome,Italie,2023-10-30 12:22,2023-10-30 19:41,439,À l'heure,0,Aucun,Aucun,85,182,46.7,Économique Premium,454.43,1359.7,4727.0,1,Automne,Monday,0
ANV0045,AirNova,NV514,Airbus A321,MUC,Munich,Allemagne,STR,Strasbourg,France,2024-01-15 05:15,2024-01-15 07:52,157,À l'heure,0,Aucun,Aucun,204,204,100.0,Affaires,379.53,605.8,2022.7,1,Hiver,Monday,0
ANV0046,AirNova,NV286,Airbus A320,TLS,Toulouse,France,LIS,Lisbonne,Portugal,2023-01-21 22:41,2023-01-22 02:47,246,À l'heure,0,Aucun,Aucun,86,107,80.4,Économique,595.34,1041.5,2170.0,1,Hiver,Saturday,1
ANV0047,AirNova,NV183,Boeing 737 MAX,AMS,Amsterdam,Pays-Bas,NTE,Nantes,France,2023-12-20 04:12,2023-12-20 07:44,212,À l'heure,0,Aucun,Aucun,177,194,91.2,Économique Premium,688.21,637.0,1512.8,1,Hiver,Wednesday,0
ANV0048,AirNova,NV229,Boeing 737 MAX,MUC,Munich,Allemagne,LYS,Lyon,France,2023-09-29 19:44,2023-09-29 22:23,159,Retardé,35,Météo,Aucun,143,168,85.1,Affaires,762.34,446.0,1858.1,1,Automne,Friday,0
ANV0049,AirNova,NV896,Airbus A321,LIS,Lisbonne,Portugal,NTE,Nantes,France,2023-12-28 04:51,2023-12-28 11:34,403,À l'heure,0,Aucun,Aucun,174,184,94.6,Affaires,564.01,1586.5,5542.5,1,Hiver,Thursday,0
ANV0050,AirNova,NV807,Airbus A321,MRS,Marseille,France,ATH,Athènes,Grèce,2023-01-20 22:40,2023-01-21 02:04,204,À l'heure,0,Aucun,Aucun,176,201,87.6,Économique,849.25,541.0,1573.5,1,Hiver,Friday,0
ANV0051,AirNova,NV530,Boeing 737 MAX,BRU,Bruxelles,Belgique,MRS,Marseille,France,2024-09-10 10:45,2024-09-10 16:19,334,Retardé,192,Opérationnel,Aucun,174,178,97.8,Économique Premium,479.07,843.5,2584.7,1,Automne,Tuesday,0
ANV0052,AirNova,NV576,Boeing 737 MAX,LHR,Londres,Royaume-Uni,MXP,Milan,Italie,2024-07-03 09:11,2024-07-03 11:14,123,À l'heure,0,Aucun,Aucun,213,221,96.4,Affaires,572.53,498.1,1572.0,1,Été,Wednesday,0
ANV0053,AirNova,NV488,Boeing 737-800,LIS,Lisbonne,Portugal,LIL,Lille,France,2023-09-08 08:11,2023-09-08 11:01,170,Retardé,59,Trafic aérien,Aucun,195,210,92.9,Affaires,686.9,632.5,1224.2,1,Automne,Friday,0
ANV0054,AirNova,NV382,Embraer E190,AMS,Amsterdam,Pays-Bas,BOD,Bordeaux,France,2024-01-14 16:35,2024-01-14 19:08,153,À l'heure,0,Aucun,Aucun,146,189,77.2,Affaires,286.71,597.1,1081.9,1,Hiver,Sunday,1
ANV0055,AirNova,NV911,Airbus A320,NTE,Nantes,France,NCE,Nice,France,2023-07-07 11:12,2023-07-07 18:05,413,À l'heure,0,Aucun,Aucun,141,229,61.6,Affaires,453.68,1437.9,3160.0,0,Été,Friday,0
ANV0056,AirNova,NV863,Embraer E190,STR,Strasbourg,France,BCN,Barcelone,Espagne,2024-06-21 07:50,2024-06-21 10:39,169,À l'heure,0,Aucun,Aucun,174,204,85.3,Économique Premium,519.45,566.3,1574.3,1,Été,Friday,0
ANV0057,AirNova,NV806,Airbus A321,FCO,Rome,Italie,LIL,Lille,France,2023-08-27 03:52,2023-08-27 06:45,173,À l'heure,0,Aucun,Aucun,129,169,76.3,Affaires,150.62,761.5,1443.0,1,Été,Sunday,1
ANV0058,AirNova,NV283,Boeing 737-800,MXP,Milan,Italie,LIL,Lille,France,2024-07-16 19:14,2024-07-17 01:00,346,En avance,-21,Aucun,Aucun,152,164,92.7,Économique Premium,756.73,1022.4,2456.3,1,Été,Tuesday,0
ANV0059,AirNova,NV112,Embraer E190,MUC,Munich,Allemagne,TLS,Toulouse,France,2023-08-02 01:32,2023-08-02 02:40,68,En avance,-22,Aucun,Aucun,154,170,90.6,Économique Premium,591.19,184.0,611.3,1,Été,Wednesday,0
ANV0060,AirNova,NV690,Airbus A320,MXP,Milan,Italie,FCO,Rome,Italie,2023-09-22 15:13,2023-09-22 17:32,139,En avance,-13,Aucun,Aucun,202,205,98.5,Économique Premium,747.8,484.2,1120.6,0,Automne,Friday,0
ANV0061,AirNova,NV635,Boeing 737 MAX,LIS,Lisbonne,Portugal,BRU,Bruxelles,Belgique,2023-03-08 03:53,2023-03-08 06:45,172,À l'heure,0,Aucun,Aucun,186,224,83.0,Affaires,555.71,507.6,1746.4,1,Printemps,Wednesday,0
ANV0062,AirNova,NV370,Airbus A320,FCO,Rome,Italie,BRU,Bruxelles,Belgique,2024-10-30 02:40,2024-10-30 08:26,346,En avance,-14,Aucun,Aucun,95,120,79.2,Économique,854.45,1297.9,2802.4,1,Automne,Wednesday,0
ANV0063,AirNova,NV389,Boeing 737 MAX,BOD,Bordeaux,France,LIS,Lisbonne,Portugal,2023-02-28 07:18,2023-02-28 09:23,125,À l'heure,0,Aucun,Aucun,195,225,86.7,Économique,296.57,384.5,937.3,1,Hiver,Tuesday,0
ANV0064,AirNova,NV372,Airbus A321,STR,Strasbourg,France,BRU,Bruxelles,Belgique,2024-09-03 22:10,2024-09-04 05:40,450,À l'heure,0,Aucun,Aucun,130,184,70.7,Économique,146.56,1707.9,3374.9,1,Automne,Tuesday,0
ANV0065,AirNova,NV378,Embraer E190,BOD,Bordeaux,France,AMS,Amsterdam,Pays-Bas,2024-04-07 04:25,2024-04-07 11:33,428,Retardé,162,Opérationnel,Aucun,111,170,65.3,Affaires,634.38,1414.5,4613.8,1,Printemps,Sunday,1
ANV0066,AirNova,NV956,Embraer E190,FCO,Rome,Italie,NCE,Nice,France,2024-04-09 12:12,2024-04-09 13:17,65,Annulé,0,Aucun,Problème technique majeur,162,194,83.5,Économique,70.99,287.5,722.1,1,Printemps,Tuesday,0
ANV0067,AirNova,NV546,Boeing 737 MAX,CDG,Paris,France,BRU,Bruxelles,Belgique,2024-03-23 14:01,2024-03-23 15:06,65,Retardé,104,Opérationnel,Aucun,212,226,93.8,Économique,827.66,292.1,895.9,1,Printemps,Saturday,1
ANV0068,AirNova,NV395,Boeing 737 MAX,MXP,Milan,Italie,LHR,Londres,Royaume-Uni,2023-11-14 04:09,2023-11-14 07:44,215,À l'heure,0,Aucun,Aucun,106,215,49.3,Économique Premium,185.7,835.8,2729.4,1,Automne,Tuesday,0
ANV0069,AirNova,NV944,Airbus A320,MUC,Munich,Allemagne,LYS,Lyon,France,2023-12-20 06:34,2023-12-20 08:04,90,À l'heure,0,Aucun,Aucun,162,176,92.0,Économique Premium,873.66,380.7,1044.3,1,Hiver,Wednesday,0
ANV0070,AirNova,NV152,Airbus A321,MUC,Munich,Allemagne,FCO,Rome,Italie,2023-11-17 23:29,2023-11-18 00:41,72,À l'heure,0,Aucun,Aucun,172,211,81.5,Affaires,691.98,243.7,638.6,1,Automne,Friday,0
ANV0071,AirNova,NV665,Boeing 737 MAX,TLS,Toulouse,France,AMS,Amsterdam,Pays-Bas,2023-12-07 07:04,2023-12-07 13:46,402,À l'heure,0,Aucun,Aucun,87,148,58.8,Économique Premium,652.32,1447.9,3076.3,1,Hiver,Thursday,0
ANV0072,AirNova,NV349,Boeing 737 MAX,MRS,Marseille,France,MXP,Milan,Italie,2023-04-02 05:43,2023-04-02 11:59,376,Retardé,270,Trafic aérien,Aucun,210,218,96.3,Économique Premium,402.17,1677.1,4082.9,1,Printemps,Sunday,1
ANV0073,AirNova,NV906,Embraer E190,MAD,Madrid,Espagne,NTE,Nantes,France,2024-12-17 00:52,2024-12-17 06:43,351,À l'heure,0,Aucun,Aucun,114,224,50.9,Économique Premium,108.34,1116.1,3113.4,1,Hiver,Tuesday,0
ANV0074,AirNova,NV656,Boeing 737 MAX,CDG,Paris,France,AMS,Amsterdam,Pays-Bas,2024-07-17 22:34,2024-07-18 01:51,197,Retardé,265,Technique,Aucun,194,228,85.1,Économique Premium,460.69,710.0,2006.9,1,Été,Wednesday,0
ANV0075,AirNova,NV930,Boeing 737 MAX,AMS,Amsterdam,Pays-Bas,NTE,Nantes,France,2024-06-25 18:18,2024-06-25 21:05,167,À l'heure,0,Aucun,Aucun,139,191,72.8,Affaires,86.1,575.5,1620.3,1,Été,Tuesday,0
ANV0076,AirNova,NV567,Airbus A320,TLS,Toulouse,France,FRA,Francfort,Allemagne,2023-01-29 18:05,2023-01-29 19:54,109,À l'heure,0,Aucun,Aucun,164,176,93.2,Économique Premium,792.06,294.2,1314.2,1,Hiver,Sunday,1
ANV0077,AirNova,NV979,Embraer E190,BCN,Barcelone,Espagne,TLS,Toulouse,France,2023-02-28 02:53,2023-02-28 07:38,285,Retardé,150,Trafic aérien,Aucun,181,222,81.5,Économique Premium,117.27,1198.3,2753.1,1,Hiver,Tuesday,0
ANV0078,AirNova,NV864,Airbus A320,AMS,Amsterdam,Pays-Bas,FRA,Francfort,Allemagne,2024-11-08 14:23,2024-11-08 19:45,322,À l'heure,0,Aucun,Aucun,97,157,61.8,Économique Premium,585.49,1447.3,3232.2,1,Automne,Friday,0
ANV0079,AirNova,NV350,Embraer E190,MRS,Marseille,France,TLS,Toulouse,France,2023-12-11 14:46,2023-12-11 16:56,130,Retardé,29,Météo,Aucun,163,170,95.9,Économique Premium,298.36,437.0,1285.0,0,Hiver,Monday,0
ANV0080,AirNova,NV246,Airbus A321,BOD,Bordeaux,France,NTE,Nantes,France,2023-05-16 23:31,2023-05-17 00:56,85,À l'heure,0,Aucun,Aucun,177,216,81.9,Économique Premium,629.66,367.7,869.4,0,Printemps,Tuesday,0
ANV0081,AirNova,NV453,Embraer E190,LIL,Lille,France,MXP,Milan,Italie,2023-07-18 07:38,2023-07-18 14:04,386,À l'heure,0,Aucun,Aucun,199,217,91.7,Économique,624.97,1022.0,3510.3,1,Été,Tuesday,0
ANV0082,AirNova,NV688,Boeing 737-800,BCN,Barcelone,Espagne,LIL,Lille,France,2023-12-21 20:02,2023-12-22 03:59,477,À l'heure,0,Aucun,Aucun,178,208,85.6,Économique Premium,139.66,1738.1,6653.6,1,Hiver,Thursday,0
ANV0083,AirNova,NV720,Boeing 737 MAX,BRU,Bruxelles,Belgique,CDG,Paris,France,2024-10-06 17:01,2024-10-06 23:23,382,À l'heure,0,Aucun,Aucun,82,226,36.3,Affaires,784.31,1698.8,4901.0,1,Automne,Sunday,1
ANV0084,AirNova,NV797,Airbus A321,BRU,Bruxelles,Belgique,STR,Strasbourg,France,2024-04-16 12:30,2024-04-16 20:05,455,À l'heure,0,Aucun,Aucun,128,207,61.8,Affaires,262.03,1835.9,5186.0,1,Printemps,Tuesday,0
ANV0085,AirNova,NV525,Airbus A321,LYS,Lyon,France,AMS,Amsterdam,Pays-Bas,2024-09-04 12:45,2024-09-04 17:15,270,À l'heure,0,Aucun,Aucun,173,219,79.0,Économique Premium,160.7,851.4,2269.5,1,Automne,Wednesday,0
ANV0086,AirNova,NV446,Airbus A320,MUC,Munich,Allemagne,LHR,Londres,Royaume-Uni,2024-02-17 07:48,2024-02-17 12:49,301,Annulé,0,Aucun,Météo extrême,145,206,70.4,Économique Premium,871.28,1201.9,3093.8,1,Hiver,Saturday,1
ANV0087,AirNova,NV477,Boeing 737-800,NCE,Nice,France,BOD,Bordeaux,France,2024-08-08 18:24,2024-08-08 21:04,160,Retardé,218,Trafic aérien,Aucun,103,204,50.5,Affaires,60.83,439.5,1774.7,0,Été,Thursday,0
ANV0088,AirNova,NV817,Boeing 737-800,LHR,Londres,Royaume-Uni,MRS,Marseille,France,2024-06-08 03:51,2024-06-08 06:35,164,À l'heure,0,Aucun,Aucun,163,191,85.3,Affaires,599.5,680.2,1893.3,1,Été,Saturday,1
ANV0089,AirNova,NV564,Boeing 737-800,MRS,Marseille,France,BOD,Bordeaux,France,2023-02-05 05:19,2023-02-05 06:23,64,À l'heure,0,Aucun,Aucun,206,209,98.6,Affaires,131.61,177.4,748.4,0,Hiver,Sunday,1
ANV0090,AirNova,NV479,Airbus A321,MUC,Munich,Allemagne,BCN,Barcelone,Espagne,2024-04-01 04:49,2024-04-01 11:54,425,Retardé,227,Météo,Aucun,205,224,91.5,Économique Premium,395.9,1090.3,4294.1,1,Printemps,Monday,0
ANV0091,AirNova,NV968,Boeing 737 MAX,STR,Strasbourg,France,MAD,Madrid,Espagne,2023-03-19 04:06,2023-03-19 10:42,396,À l'heure,0,Aucun,Aucun,171,174,98.3,Économique,387.42,1756.8,3026.1,1,Printemps,Sunday,1
ANV0092,AirNova,NV667,Airbus A321,NTE,Nantes,France,CDG,Paris,France,2023-02-09 06:51,2023-02-09 14:18,447,À l'heure,0,Aucun,Aucun,112,212,52.8,Économique,528.89,1859.4,4963.8,0,Hiver,Thursday,0
ANV0093,AirNova,NV987,Airbus A320,STR,Strasbourg,France,LHR,Londres,Royaume-Uni,2024-08-24 11:16,2024-08-24 13:16,120,Retardé,16,Trafic aérien,Aucun,117,133,88.0,Économique,508.18,326.4,950.7,1,Été,Saturday,1
ANV0094,AirNova,NV863,Airbus A320,LHR,Londres,Royaume-Uni,STR,Strasbourg,France,2024-04-02 09:00,2024-04-02 12:30,210,À l'heure,0,Aucun,Aucun,147,153,96.1,Économique Premium,156.74,746.0,2170.1,1,Printemps,Tuesday,0
ANV0095,AirNova,NV569,Airbus A320,LHR,Londres,Royaume-Uni,MUC,Munich,Allemagne,2024-04-06 02:44,2024-04-06 04:24,100,À l'heure,0,Aucun,Aucun,136,214,63.6,Affaires,85.86,354.3,742.6,1,Printemps,Saturday,1
ANV0096,AirNova,NV167,Airbus A321,MXP,Milan,Italie,MAD,Madrid,Espagne,2023-11-28 02:18,2023-11-28 08:54,396,À l'heure,0,Aucun,Aucun,193,197,98.0,Économique Premium,813.38,1471.8,3534.3,1,Automne,Tuesday,0
ANV0097,AirNova,NV912,Airbus A320,LIS,Lisbonne,Portugal,MUC,Munich,Allemagne,2024-07-07 03:29,2024-07-07 07:00,211,À l'heure,0,Aucun,Aucun,215,224,96.0,Affaires,434.66,709.0,2736.6,1,Été,Sunday,1
ANV0098,AirNova,NV537,Boeing 737-800,MUC,Munich,Allemagne,NTE,Nantes,France,2023-12-01 01:05,2023-12-01 05:41,276,Annulé,0,Aucun,Grève,166,224,74.1,Affaires,387.92,742.5,3217.0,1,Hiver,Friday,0
ANV0099,AirNova,NV931,Airbus A321,LHR,Londres,Royaume-Uni,TLS,Toulouse,France,2024-06-17 11:16,2024-06-17 16:03,287,À l'heure,0,Aucun,Aucun,101,124,81.5,Affaires,416.1,1141.6,3126.7,1,Été,Monday,0
ANV0100,AirNova,NV206,Embraer E190,LIS,Lisbonne,Portugal,MUC,Munich,Allemagne,2024-03-12 06:32,2024-03-12 10:05,213,Retardé,225,Trafic aérien,Aucun,188,191,98.4,Affaires,872.14,665.6,2247.6,1,Printemps,Tuesday,0
ANV0101,AirNova,NV539,Embraer E190,TLS,Toulouse,France,FRA,Francfort,Allemagne,2023-06-24 04:13,2023-06-24 12:11,478,À l'heure,0,Aucun,Aucun,174,181,96.1,Affaires,697.21,1411.2,6606.8,1,Été,Saturday,1
ANV0102,AirNova,NV447,Boeing 737-800,ATH,Athènes,Grèce,MUC,Munich,Allemagne,2023-01-21 09:24,2023-01-21 15:20,356,En avance,-27,Aucun,Aucun,148,151,98.0,Affaires,202.35,1432.8,2507.2,1,Hiver,Saturday,1
ANV0103,AirNova,NV564,Boeing 737-800,TLS,Toulouse,France,ATH,Athènes,Grèce,2024-05-25 13:47,2024-05-25 17:57,250,À l'heure,0,Aucun,Aucun,87,110,79.1,Économique,683.19,813.1,2025.5,1,Printemps,Saturday,1
ANV0104,AirNova,NV183,Boeing 737-800,BRU,Bruxelles,Belgique,LHR,Londres,Royaume-Uni,2024-08-26 09:15,2024-08-26 14:50,335,À l'heure,0,Aucun,Aucun,93,132,70.5,Affaires,182.8,870.8,3384.1,1,Été,Monday,0
ANV0105,AirNova,NV794,Embraer E190,BCN,Barcelone,Espagne,FRA,Francfort,Allemagne,2024-04-16 12:43,2024-04-16 17:14,271,À l'heure,0,Aucun,Aucun,135,200,67.5,Économique Premium,145.74,737.6,2820.1,1,Printemps,Tuesday,0
ANV0106,AirNova,NV882,Boeing 737-800,BRU,Bruxelles,Belgique,LYS,Lyon,France,2023-06-21 06:45,2023-06-21 10:52,247,En avance,-6,Aucun,Aucun,81,133,60.9,Économique,305.21,996.6,2229.5,1,Été,Wednesday,0
ANV0107,AirNova,NV953,Boeing 737-800,MRS,Marseille,France,CDG,Paris,France,2024-01-22 07:56,2024-01-22 15:03,427,À l'heure,0,Aucun,Aucun,113,161,70.2,Économique,501.69,1494.7,3204.4,0,Hiver,Monday,0
ANV0108,AirNova,NV217,Boeing 737 MAX,LYS,Lyon,France,FCO,Rome,Italie,2023-01-15 13:22,2023-01-15 18:02,280,En avance,-15,Aucun,Aucun,189,225,84.0,Affaires,392.76,933.9,2000.9,1,Hiver,Sunday,1
ANV0109,AirNova,NV703,Boeing 737 MAX,AMS,Amsterdam,Pays-Bas,BOD,Bordeaux,France,2024-09-14 09:43,2024-09-14 15:44,361,À l'heure,0,Aucun,Aucun,172,177,97.2,Économique,420.21,1078.2,3851.1,1,Automne,Saturday,1
ANV0110,AirNova,NV298,Boeing 737-800,MAD,Madrid,Espagne,BRU,Bruxelles,Belgique,2024-08-02 06:48,2024-08-02 10:26,218,À l'heure,0,Aucun,Aucun,123,132,93.2,Économique,482.91,776.3,2061.8,1,Été,Friday,0
ANV0111,AirNova,NV891,Boeing 737 MAX,TLS,Toulouse,France,LIL,Lille,France,2023-03-21 20:24,2023-03-21 22:23,119,À l'heure,0,Aucun,Aucun,124,201,61.7,Affaires,178.94,315.4,1219.5,0,Printemps,Tuesday,0
ANV0112,AirNova,NV746,Boeing 737-800,LIS,Lisbonne,Portugal,ATH,Athènes,Grèce,2023-12-15 16:12,2023-12-15 22:45,393,En avance,-23,Aucun,Aucun,162,202,80.2,Économique,177.31,1351.1,4941.7,1,Hiver,Friday,0
ANV0113,AirNova,NV178,Airbus A320,LIS,Lisbonne,Portugal,LYS,Lyon,France,2023-10-01 08:40,2023-10-01 13:44,304,À l'heure,0,Aucun,Aucun,198,226,87.6,Économique Premium,80.97,1265.7,3436.7,1,Automne,Sunday,1
ANV0114,AirNova,NV429,Embraer E190,FRA,Francfort,Allemagne,MAD,Madrid,Espagne,2023-12-26 09:34,2023-12-26 15:16,342,À l'heure,0,Aucun,Aucun,90,205,43.9,Affaires,821.69,1300.9,3532.7,1,Hiver,Tuesday,0
ANV0115,AirNova,NV549,Embraer E190,TLS,Toulouse,France,LYS,Lyon,France,2023-12-16 22:21,2023-12-16 23:58,97,Retardé,190,Météo,Aucun,209,229,91.3,Économique,195.68,379.8,1033.9,0,Hiver,Saturday,1
ANV0116,AirNova,NV437,Airbus A320,BOD,Bordeaux,France,MAD,Madrid,Espagne,2023-10-17 14:27,2023-10-17 17:36,189,À l'heure,0,Aucun,Aucun,166,172,96.5,Affaires,719.84,599.0,2061.2,1,Automne,Tuesday,0
ANV0117,AirNova,NV815,Boeing 737 MAX,MAD,Madrid,Espagne,BRU,Bruxelles,Belgique,2023-07-15 17:32,2023-07-16 00:27,415,Retardé,91,Trafic aérien,Aucun,100,136,73.5,Économique Premium,828.23,1840.7,3279.6,1,Été,Saturday,1
ANV0118,AirNova,NV639,Airbus A320,NCE,Nice,France,AMS,Amsterdam,Pays-Bas,2024-03-10 03:03,2024-03-10 07:00,237,À l'heure,0,Aucun,Aucun,164,180,91.1,Affaires,618.6,1065.2,2730.8,1,Printemps,Sunday,1
ANV0119,AirNova,NV240,Airbus A321,BCN,Barcelone,Espagne,MUC,Munich,Allemagne,2023-10-09 00:57,2023-10-09 01:51,54,À l'heure,0,Aucun,Aucun,126,153,82.4,Économique Premium,339.47,155.7,407.2,1,Automne,Monday,0
ANV0120,AirNova,NV951,Embraer E190,MRS,Marseille,France,MUC,Munich,Allemagne,2024-08-21 18:08,2024-08-21 23:29,321,Retardé,284,Météo,Aucun,166,182,91.2,Économique,556.66,906.7,4064.9,1,Été,Wednesday,0
ANV0121,AirNova,NV339,Embraer E190,BOD,Bordeaux,France,MXP,Milan,Italie,2023-02-03 22:29,2023-02-04 02:44,255,À l'heure,0,Aucun,Aucun,140,196,71.4,Affaires,568.01,1037.2,2211.9,1,Hiver,Friday,0
ANV0122,AirNova,NV265,Airbus A321,MXP,Milan,Italie,NTE,Nantes,France,2023-10-13 17:03,2023-10-13 23:35,392,En avance,-19,Aucun,Aucun,198,216,91.7,Affaires,710.41,1393.5,4942.7,1,Automne,Friday,0
ANV0123,AirNova,NV971,Airbus A320,TLS,Toulouse,France,BRU,Bruxelles,Belgique,2023-02-10 12:42,2023-02-10 18:55,373,À l'heure,0,Aucun,Aucun,175,210,83.3,Affaires,843.15,1563.5,3355.3,1,Hiver,Friday,0
ANV0124,AirNova,NV457,Airbus A320,BOD,Bordeaux,France,BRU,Bruxelles,Belgique,2023-12-15 23:55,2023-12-16 05:02,307,À l'heure,0,Aucun,Aucun,191,196,97.4,Économique,853.45,1269.0,3040.6,1,Hiver,Friday,0
ANV0125,AirNova,NV959,Boeing 737-800,MAD,Madrid,Espagne,MUC,Munich,Allemagne,2023-10-18 11:08,2023-10-18 13:53,165,À l'heure,0,Aucun,Aucun,100,195,51.3,Économique Premium,239.86,719.7,2069.0,1,Automne,Wednesday,0
ANV0126,AirNova,NV181,Airbus A320,TLS,Toulouse,France,LYS,Lyon,France,2023-08-11 19:49,2023-08-12 03:38,469,À l'heure,0,Aucun,Aucun,115,212,54.2,Économique Premium,648.71,1749.7,4123.2,0,Été,Friday,0
ANV0127,AirNova,NV344,Boeing 737 MAX,TLS,Toulouse,France,LIS,Lisbonne,Portugal,2024-07-18 20:38,2024-07-19 02:34,356,À l'heure,0,Aucun,Aucun,108,207,52.2,Économique Premium,293.89,976.8,4084.3,1,Été,Thursday,0
ANV0128,AirNova,NV101,Embraer E190,ATH,Athènes,Grèce,FCO,Rome,Italie,2023-02-18 18:48,2023-02-18 20:29,101,Retardé,270,Météo,Aucun,211,229,92.1,Économique,254.65,311.3,956.4,1,Hiver,Saturday,1
ANV0129,AirNova,NV499,Boeing 737 MAX,LIS,Lisbonne,Portugal,BCN,Barcelone,Espagne,2023-05-26 11:47,2023-05-26 18:12,385,Retardé,283,Trafic aérien,Aucun,97,226,42.9,Affaires,717.45,1389.2,2812.3,1,Printemps,Friday,0
ANV0130,AirNova,NV890,Embraer E190,MAD,Madrid,Espagne,LHR,Londres,Royaume-Uni,2023-07-17 00:23,2023-07-17 07:30,427,À l'heure,0,Aucun,Aucun,97,185,52.4,Affaires,253.96,1604.0,5186.5,1,Été,Monday,0
ANV0131,AirNova,NV590,Airbus A321,AMS,Amsterdam,Pays-Bas,TLS,Toulouse,France,2023-02-04 10:28,2023-02-04 14:13,225,À l'heure,0,Aucun,Aucun,124,230,53.9,Économique Premium,711.27,1003.9,2853.1,1,Hiver,Saturday,1
ANV0132,AirNova,NV934,Embraer E190,NCE,Nice,France,MXP,Milan,Italie,2023-01-29 17:25,2023-01-29 20:40,195,À l'heure,0,Aucun,Aucun,131,136,96.3,Économique Premium,317.26,688.5,2011.2,1,Hiver,Sunday,1
ANV0133,AirNova,NV861,Boeing 737 MAX,LYS,Lyon,France,STR,Strasbourg,France,2023-08-11 05:29,2023-08-11 09:16,227,Retardé,39,Trafic aérien,Aucun,149,164,90.9,Économique Premium,728.44,971.3,3010.6,0,Été,Friday,0
ANV0134,AirNova,NV284,Embraer E190,MAD,Madrid,Espagne,AMS,Amsterdam,Pays-Bas,2023-05-26 02:31,2023-05-26 07:30,299,Retardé,203,Trafic aérien,Aucun,101,209,48.3,Affaires,116.09,1342.6,2707.9,1,Printemps,Friday,0
ANV0135,AirNova,NV143,Boeing 737-800,MRS,Marseille,France,NCE,Nice,France,2023-09-12 16:52,2023-09-12 23:15,383,À l'heure,0,Aucun,Aucun,194,221,87.8,Économique Premium,190.65,1226.8,4329.4,0,Automne,Tuesday,0
ANV0136,AirNova,NV131,Airbus A321,BCN,Barcelone,Espagne,LIL,Lille,France,2024-05-11 16:34,2024-05-12 00:04,450,En avance,-7,Aucun,Aucun,183,206,88.8,Affaires,485.12,1736.5,5823.3,1,Printemps,Saturday,1
ANV0137,AirNova,NV257,Boeing 737 MAX,FCO,Rome,Italie,LYS,Lyon,France,2023-04-09 01:05,2023-04-09 02:24,79,À l'heure,0,Aucun,Aucun,173,196,88.3,Affaires,374.43,202.6,1077.7,1,Printemps,Sunday,1
ANV0138,AirNova,NV216,Airbus A320,LHR,Londres,Royaume-Uni,MXP,Milan,Italie,2024-08-15 16:55,2024-08-15 18:19,84,À l'heure,0,Aucun,Aucun,215,226,95.1,Affaires,387.33,256.8,1020.6,1,Été,Thursday,0
ANV0139,AirNova,NV602,Airbus A321,MXP,Milan,Italie,MUC,Munich,Allemagne,2023-10-28 13:58,2023-10-28 19:30,332,À l'heure,0,Aucun,Aucun,146,203,71.9,Affaires,231.38,1019.6,2609.0,1,Automne,Saturday,1
ANV0140,AirNova,NV655,Boeing 737-800,NCE,Nice,France,MXP,Milan,Italie,2023-05-15 02:32,2023-05-15 09:22,410,À l'heure,0,Aucun,Aucun,102,183,55.7,Affaires,616.66,1078.3,5428.1,1,Printemps,Monday,0
ANV0141,AirNova,NV126,Boeing 737-800,BOD,Bordeaux,France,NTE,Nantes,France,2024-09-08 11:34,2024-09-08 15:24,230,À l'heure,0,Aucun,Aucun,111,136,81.6,Économique,722.26,938.6,2502.0,0,Automne,Sunday,1
ANV0142,AirNova,NV638,Boeing 737 MAX,LHR,Londres,Royaume-Uni,MXP,Milan,Italie,2024-09-16 05:20,2024-09-16 10:47,327,À l'heure,0,Aucun,Aucun,102,118,86.4,Affaires,311.9,1287.6,4049.6,1,Automne,Monday,0
ANV0143,AirNova,NV948,Embraer E190,LIS,Lisbonne,Portugal,NCE,Nice,France,2023-04-08 08:15,2023-04-08 11:42,207,À l'heure,0,Aucun,Aucun,195,224,87.1,Économique Premium,627.09,570.6,2376.1,1,Printemps,Saturday,1
ANV0144,AirNova,NV826,Airbus A321,BOD,Bordeaux,France,TLS,Toulouse,France,2023-12-03 00:35,2023-12-03 05:37,302,Annulé,0,Aucun,Météo extrême,111,177,62.7,Économique,179.06,852.8,2845.5,0,Hiver,Sunday,1
ANV0145,AirNova,NV614,Airbus A321,FRA,Francfort,Allemagne,BRU,Bruxelles,Belgique,2024-10-19 01:20,2024-10-19 02:45,85,À l'heure,0,Aucun,Aucun,150,166,90.4,Affaires,580.27,303.2,947.1,1,Automne,Saturday,1
ANV0146,AirNova,NV756,Embraer E190,LIS,Lisbonne,Portugal,TLS,Toulouse,France,2023-05-13 23:24,2023-05-14 05:46,382,À l'heure,0,Aucun,Aucun,166,171,97.1,Économique,750.45,1017.1,3381.7,1,Printemps,Saturday,1
ANV0147,AirNova,NV594,Airbus A321,NTE,Nantes,France,ATH,Athènes,Grèce,2023-11-20 13:44,2023-11-20 19:45,361,À l'heure,0,Aucun,Aucun,207,227,91.2,Affaires,512.74,1593.2,4560.4,1,Automne,Monday,0
ANV0148,AirNova,NV420,Boeing 737-800,MAD,Madrid,Espagne,BRU,Bruxelles,Belgique,2023-12-19 06:40,2023-12-19 08:02,82,Retardé,95,Opérationnel,Aucun,186,216,86.1,Économique Premium,443.78,304.5,995.4,1,Hiver,Tuesday,0
ANV0149,AirNova,NV353,Airbus A321,LHR,Londres,Royaume-Uni,BCN,Barcelone,Espagne,2023-04-12 13:39,2023-04-12 20:53,434,À l'heure,0,Aucun,Aucun,107,147,72.8,Économique,254.48,1317.2,3332.1,1,Printemps,Wednesday,0
ANV0150,AirNova,NV294,Airbus A321,BRU,Bruxelles,Belgique,BCN,Barcelone,Espagne,2024-11-02 05:10,2024-11-02 11:10,360,À l'heure,0,Aucun,Aucun,120,224,53.6,Affaires,327.32,1419.2,3775.6,1,Automne,Saturday,1
ANV0151,AirNova,NV461,Airbus A320,FRA,Francfort,Allemagne,FCO,Rome,Italie,2024-01-23 09:33,2024-01-23 12:55,202,À l'heure,0,Aucun,Aucun,103,203,50.7,Économique,478.63,591.9,1485.5,1,Hiver,Tuesday,0
ANV0152,AirNova,NV882,Boeing 737 MAX,MXP,Milan,Italie,FRA,Francfort,Allemagne,2023-08-10 22:44,2023-08-11 04:03,319,À l'heure,0,Aucun,Aucun,107,162,66.0,Économique Premium,162.84,1261.7,3050.1,1,Été,Thursday,0
ANV0153,AirNova,NV386,Embraer E190,MAD,Madrid,Espagne,LYS,Lyon,France,2024-03-18 22:49,2024-03-19 04:21,332,À l'heure,0,Aucun,Aucun,153,162,94.4,Économique Premium,377.4,1337.6,3905.2,1,Printemps,Monday,0
ANV0154,AirNova,NV511,Embraer E190,MRS,Marseille,France,BOD,Bordeaux,France,2023-03-17 02:16,2023-03-17 06:22,246,À l'heure,0,Aucun,Aucun,166,212,78.3,Économique,690.72,911.4,1791.3,0,Printemps,Friday,0
ANV0155,AirNova,NV727,Boeing 737-800,LYS,Lyon,France,BOD,Bordeaux,France,2024-07-08 06:18,2024-07-08 09:53,215,Retardé,280,Opérationnel,Aucun,118,195,60.5,Économique,808.16,678.5,1749.6,0,Été,Monday,0
ANV0156,AirNova,NV935,Airbus A320,ATH,Athènes,Grèce,BRU,Bruxelles,Belgique,2024-04-06 03:49,2024-04-06 07:26,217,À l'heure,0,Aucun,Aucun,210,227,92.5,Affaires,465.37,672.6,2078.5,1,Printemps,Saturday,1
ANV0157,AirNova,NV838,Airbus A320,MRS,Marseille,France,FCO,Rome,Italie,2024-03-29 08:59,2024-03-29 12:21,202,Retardé,28,Opérationnel,Aucun,147,230,63.9,Affaires,714.47,738.4,2239.1,1,Printemps,Friday,0
ANV0158,AirNova,NV817,Airbus A320,BOD,Bordeaux,France,MUC,Munich,Allemagne,2024-05-03 13:52,2024-05-03 20:46,414,À l'heure,0,Aucun,Aucun,177,186,95.2,Économique,747.41,1061.1,3450.9,1,Printemps,Friday,0
ANV0159,AirNova,NV993,Airbus A320,FCO,Rome,Italie,AMS,Amsterdam,Pays-Bas,2023-11-22 06:37,2023-11-22 08:39,122,À l'heure,0,Aucun,Aucun,132,184,71.7,Affaires,475.55,529.6,1456.7,1,Automne,Wednesday,0
ANV0160,AirNova,NV645,Boeing 737-800,FRA,Francfort,Allemagne,NTE,Nantes,France,2024-03-11 15:41,2024-03-11 19:12,211,En avance,-20,Aucun,Aucun,214,226,94.7,Économique,315.69,721.5,2283.8,1,Printemps,Monday,0
ANV0161,AirNova,NV821,Airbus A321,LIL,Lille,France,FRA,Francfort,Allemagne,2023-05-30 08:03,2023-05-30 10:54,171,À l'heure,0,Aucun,Aucun,156,184,84.8,Économique Premium,849.26,691.2,2023.2,1,Printemps,Tuesday,0
ANV0162,AirNova,NV504,Boeing 737-800,MXP,Milan,Italie,AMS,Amsterdam,Pays-Bas,2024-01-08 16:11,2024-01-08 19:54,223,À l'heure,0,Aucun,Aucun,150,186,80.6,Affaires,152.59,799.8,3051.1,1,Hiver,Monday,0
ANV0163,AirNova,NV319,Airbus A321,TLS,Toulouse,France,AMS,Amsterdam,Pays-Bas,2023-02-02 16:10,2023-02-02 19:22,192,En avance,-7,Aucun,Aucun,168,227,74.0,Économique Premium,425.02,767.0,2456.8,1,Hiver,Thursday,0
ANV0164,AirNova,NV338,Airbus A320,LIL,Lille,France,LIS,Lisbonne,Portugal,2024-06-24 17:34,2024-06-24 20:38,184,À l'heure,0,Aucun,Aucun,141,172,82.0,Affaires,92.15,543.0,1417.1,1,Été,Monday,0
ANV0165,AirNova,NV304,Boeing 737-800,AMS,Amsterdam,Pays-Bas,FRA,Francfort,Allemagne,2023-03-20 02:17,2023-03-20 08:50,393,Retardé,17,Technique,Aucun,184,225,81.8,Économique Premium,843.78,1357.8,3634.5,1,Printemps,Monday,0
ANV0166,AirNova,NV137,Boeing 737 MAX,LYS,Lyon,France,MRS,Marseille,France,2024-05-21 15:43,2024-05-21 21:21,338,À l'heure,0,Aucun,Aucun,89,133,66.9,Économique,404.2,1476.3,4230.3,0,Printemps,Tuesday,0
ANV0167,AirNova,NV756,Embraer E190,BOD,Bordeaux,France,AMS,Amsterdam,Pays-Bas,2024-11-11 23:40,2024-11-12 00:44,64,À l'heure,0,Aucun,Aucun,107,225,47.6,Économique Premium,884.54,218.2,682.9,1,Automne,Monday,0
ANV0168,AirNova,NV835,Airbus A321,TLS,Toulouse,France,MUC,Munich,Allemagne,2023-12-30 12:32,2023-12-30 15:36,184,À l'heure,0,Aucun,Aucun,108,150,72.0,Économique Premium,187.12,698.6,1306.1,1,Hiver,Saturday,1
ANV0169,AirNova,NV289,Airbus A321,AMS,Amsterdam,Pays-Bas,BRU,Bruxelles,Belgique,2024-03-17 00:12,2024-03-17 06:42,390,Retardé,104,Opérationnel,Aucun,189,221,85.5,Économique Premium,327.74,1497.0,4033.4,1,Printemps,Sunday,1
ANV0170,AirNova,NV367,Boeing 737-800,STR,Strasbourg,France,CDG,Paris,France,2023-07-22 13:23,2023-07-22 17:24,241,À l'heure,0,Aucun,Aucun,148,190,77.9,Affaires,305.65,878.6,2855.7,0,Été,Saturday,1
ANV0171,AirNova,NV402,Boeing 737-800,LYS,Lyon,France,TLS,Toulouse,France,2023-12-28 11:35,2023-12-28 14:57,202,À l'heure,0,Aucun,Aucun,208,230,90.4,Affaires,703.36,552.4,2283.1,0,Hiver,Thursday,0
ANV0172,AirNova,NV921,Airbus A321,STR,Strasbourg,France,TLS,Toulouse,France,2024-01-07 09:57,2024-01-07 12:00,123,À l'heure,0,Aucun,Aucun,175,201,87.1,Économique Premium,645.65,493.8,1517.0,0,Hiver,Sunday,1
ANV0173,AirNova,NV660,Embraer E190,ATH,Athènes,Grèce,NCE,Nice,France,2024-02-13 04:09,2024-02-13 08:42,273,À l'heure,0,Aucun,Aucun,172,176,97.7,Économique,828.66,716.2,2297.3,1,Hiver,Tuesday,0
ANV0174,AirNova,NV556,Airbus A320,MUC,Munich,Allemagne,TLS,Toulouse,France,2023-05-08 19:11,2023-05-08 22:43,212,Retardé,241,Météo,Aucun,132,223,59.2,Économique,544.68,911.1,2156.9,1,Printemps,Monday,0
ANV0175,AirNova,NV103,Airbus A321,FRA,Francfort,Allemagne,BCN,Barcelone,Espagne,2023-12-21 19:20,2023-12-22 00:53,333,À l'heure,0,Aucun,Aucun,198,217,91.2,Économique Premium,663.79,1002.0,3679.0,1,Hiver,Thursday,0
ANV0176,AirNova,NV518,Airbus A321,LYS,Lyon,France,FCO,Rome,Italie,2023-09-25 14:29,2023-09-25 21:12,403,À l'heure,0,Aucun,Aucun,95,112,84.8,Économique Premium,887.22,1033.1,4990.3,1,Automne,Monday,0
ANV0177,AirNova,NV236,Boeing 737-800,BCN,Barcelone,Espagne,LHR,Londres,Royaume-Uni,2024-11-23 07:39,2024-11-23 11:39,240,À l'heure,0,Aucun,Aucun,176,200,88.0,Affaires,117.21,1019.8,1879.3,1,Automne,Saturday,1
ANV0178,AirNova,NV644,Boeing 737 MAX,MUC,Munich,Allemagne,MAD,Madrid,Espagne,2024-02-15 18:20,2024-02-15 20:10,110,Retardé,129,Météo,Aucun,85,161,52.8,Affaires,442.55,394.8,1404.0,1,Hiver,Thursday,0
ANV0179,AirNova,NV116,Airbus A321,STR,Strasbourg,France,MXP,Milan,Italie,2023-09-26 20:53,2023-09-26 22:57,124,À l'heure,0,Aucun,Aucun,108,112,96.4,Économique Premium,737.06,462.5,1046.9,1,Automne,Tuesday,0
ANV0180,AirNova,NV984,Airbus A320,MRS,Marseille,France,LYS,Lyon,France,2023-12-13 18:15,2023-12-14 00:06,351,Retardé,39,Technique,Aucun,91,193,47.2,Affaires,422.12,1030.0,2801.3,0,Hiver,Wednesday,0
ANV0181,AirNova,NV633,Airbus A321,BRU,Bruxelles,Belgique,STR,Strasbourg,France,2024-09-25 15:21,2024-09-25 22:20,419,À l'heure,0,Aucun,Aucun,162,192,84.4,Économique,305.5,1873.5,4146.0,1,Automne,Wednesday,0
ANV0182,AirNova,NV787,Boeing 737 MAX,LIL,Lille,France,LYS,Lyon,France,2024-03-08 09:58,2024-03-08 15:45,347,Annulé,0,Aucun,Météo extrême,189,224,84.4,Économique Premium,470.28,1521.0,4337.7,0,Printemps,Friday,0
ANV0183,AirNova,NV407,Airbus A321,AMS,Amsterdam,Pays-Bas,FCO,Rome,Italie,2023-11-14 02:30,2023-11-14 04:31,121,À l'heure,0,Aucun,Aucun,127,223,57.0,Économique,506.24,508.0,1529.5,1,Automne,Tuesday,0
ANV0184,AirNova,NV180,Boeing 737 MAX,LYS,Lyon,France,LIS,Lisbonne,Portugal,2023-11-17 12:51,2023-11-17 17:09,258,À l'heure,0,Aucun,Aucun,114,163,69.9,Économique,255.43,815.4,3335.9,1,Automne,Friday,0
ANV0185,AirNova,NV174,Airbus A321,NCE,Nice,France,LIS,Lisbonne,Portugal,2024-07-16 19:14,2024-07-17 03:03,469,À l'heure,0,Aucun,Aucun,148,196,75.5,Affaires,621.62,1209.6,5924.7,1,Été,Tuesday,0
ANV0186,AirNova,NV294,Airbus A320,LIS,Lisbonne,Portugal,MUC,Munich,Allemagne,2023-06-18 13:28,2023-06-18 18:18,290,À l'heure,0,Aucun,Aucun,165,203,81.3,Économique,862.47,847.8,3546.2,1,Été,Sunday,1
ANV0187,AirNova,NV415,Boeing 737-800,MXP,Milan,Italie,STR,Strasbourg,France,2024-06-24 07:24,2024-06-24 13:18,354,Retardé,218,Technique,Aucun,162,198,81.8,Affaires,372.56,1344.3,3369.2,1,Été,Monday,0
ANV0188,AirNova,NV984,Airbus A321,MXP,Milan,Italie,FCO,Rome,Italie,2023-03-18 14:11,2023-03-18 21:47,456,En avance,-20,Aucun,Aucun,161,187,86.1,Économique Premium,364.1,1181.7,5558.1,0,Printemps,Saturday,1
ANV0189,AirNova,NV683,Airbus A321,CDG,Paris,France,BRU,Bruxelles,Belgique,2024-03-05 18:28,2024-03-06 00:12,344,À l'heure,0,Aucun,Aucun,186,204,91.2,Économique Premium,178.55,1018.3,3610.3,1,Printemps,Tuesday,0
ANV0190,AirNova,NV837,Embraer E190,AMS,Amsterdam,Pays-Bas,LIL,Lille,France,2024-08-15 22:04,2024-08-16 05:49,465,À l'heure,0,Aucun,Aucun,205,219,93.6,Économique Premium,192.0,1319.9,4844.5,1,Été,Thursday,0
ANV0191,AirNova,NV824,Airbus A321,MUC,Munich,Allemagne,LYS,Lyon,France,2024-02-11 23:01,2024-02-12 00:03,62,Retardé,53,Météo,Aucun,81,186,43.5,Affaires,165.87,183.7,438.0,1,Hiver,Sunday,1
ANV0192,AirNova,NV521,Airbus A320,FRA,Francfort,Allemagne,FCO,Rome,Italie,2023-10-17 20:57,2023-10-17 22:12,75,À l'heure,0,Aucun,Aucun,203,224,90.6,Économique,463.68,267.3,533.8,1,Automne,Tuesday,0
ANV0193,AirNova,NV346,Airbus A321,LIL,Lille,France,LIS,Lisbonne,Portugal,2023-08-11 16:15,2023-08-11 17:08,53,À l'heure,0,Aucun,Aucun,190,201,94.5,Économique,139.96,188.1,600.9,1,Été,Friday,0
ANV0194,AirNova,NV331,Boeing 737-800,LIL,Lille,France,MAD,Madrid,Espagne,2023-07-27 15:17,2023-07-27 22:49,452,À l'heure,0,Aucun,Aucun,175,200,87.5,Économique,439.15,2025.2,5328.3,1,Été,Thursday,0
ANV0195,AirNova,NV611,Boeing 737 MAX,NCE,Nice,France,LYS,Lyon,France,2023-03-14 14:58,2023-03-14 19:10,252,À l'heure,0,Aucun,Aucun,201,202,99.5,Affaires,590.24,716.4,2901.6,0,Printemps,Tuesday,0
ANV0196,AirNova,NV586,Boeing 737-800,AMS,Amsterdam,Pays-Bas,ATH,Athènes,Grèce,2024-10-28 09:32,2024-10-28 11:05,93,Annulé,0,Aucun,Météo extrême,138,165,83.6,Affaires,815.08,397.6,681.3,1,Automne,Monday,0
ANV0197,AirNova,NV312,Embraer E190,NCE,Nice,France,BRU,Bruxelles,Belgique,2024-11-29 12:23,2024-11-29 17:46,323,À l'heure,0,Aucun,Aucun,88,133,66.2,Économique Premium,838.45,817.6,2587.0,1,Automne,Friday,0
ANV0198,AirNova,NV857,Airbus A321,MAD,Madrid,Espagne,NCE,Nice,France,2023-08-21 10:55,2023-08-21 13:03,128,À l'heure,0,Aucun,Aucun,179,222,80.6,Économique Premium,811.05,418.3,1604.3,1,Été,Monday,0
ANV0199,AirNova,NV728,Embraer E190,NCE,Nice,France,MUC,Munich,Allemagne,2024-08-02 00:19,2024-08-02 04:01,222,À l'heure,0,Aucun,Aucun,191,205,93.2,Économique Premium,761.87,823.7,2170.5,1,Été,Friday,0
ANV0200,AirNova,NV796,Embraer E190,AMS,Amsterdam,Pays-Bas,CDG,Paris,France,2024-05-07 12:54,2024-05-07 15:58,184,Retardé,245,Opérationnel,Aucun,138,183,75.4,Économique Premium,519.08,618.9,2138.9,1,Printemps,Tuesday,0
ANV0201,AirNova,NV498,Boeing 737-800,NCE,Nice,France,AMS,Amsterdam,Pays-Bas,2024-09-11 20:49,2024-09-11 23:40,171,Retardé,57,Trafic aérien,Aucun,119,167,71.3,Affaires,653.93,480.3,1628.8,1,Automne,Wednesday,0
ANV0202,AirNova,NV670,Embraer E190,NCE,Nice,France,CDG,Paris,France,2023-08-28 10:31,2023-08-28 15:03,272,À l'heure,0,Aucun,Aucun,149,162,92.0,Économique,161.63,914.5,2879.7,0,Été,Monday,0
ANV0203,AirNova,NV186,Embraer E190,MRS,Marseille,France,CDG,Paris,France,2023-03-11 14:36,2023-03-11 18:22,226,À l'heure,0,Aucun,Aucun,163,212,76.9,Économique Premium,59.49,740.3,3014.0,0,Printemps,Saturday,1
ANV0204,AirNova,NV545,Boeing 737-800,STR,Strasbourg,France,ATH,Athènes,Grèce,2024-02-09 18:05,2024-02-09 20:16,131,Retardé,101,Technique,Aucun,148,186,79.6,Économique,277.15,344.1,1303.2,1,Hiver,Friday,0
ANV0205,AirNova,NV411,Airbus A320,MXP,Milan,Italie,NCE,Nice,France,2023-10-08 11:51,2023-10-08 14:44,173,En avance,-28,Aucun,Aucun,206,225,91.6,Économique Premium,573.17,469.5,2360.0,1,Automne,Sunday,1
ANV0206,AirNova,NV811,Airbus A321,AMS,Amsterdam,Pays-Bas,BCN,Barcelone,Espagne,2024-09-16 13:04,2024-09-16 16:37,213,À l'heure,0,Aucun,Aucun,190,228,83.3,Économique Premium,164.71,789.5,2205.2,1,Automne,Monday,0
ANV0207,AirNova,NV677,Airbus A321,BOD,Bordeaux,France,BCN,Barcelone,Espagne,2023-09-05 21:09,2023-09-06 00:23,194,Retardé,266,Technique,Aucun,163,211,77.3,Économique Premium,287.26,626.6,2162.2,1,Automne,Tuesday,0
ANV0208,AirNova,NV170,Boeing 737 MAX,MUC,Munich,Allemagne,BOD,Bordeaux,France,2024-06-13 12:02,2024-06-13 19:20,438,À l'heure,0,Aucun,Aucun,198,211,93.8,Économique Premium,421.69,1823.2,5129.3,1,Été,Thursday,0
ANV0209,AirNova,NV647,Embraer E190,TLS,Toulouse,France,AMS,Amsterdam,Pays-Bas,2023-07-07 23:36,2023-07-08 02:30,174,Retardé,231,Opérationnel,Aucun,98,212,46.2,Économique Premium,891.1,637.6,2342.8,1,Été,Friday,0
ANV0210,AirNova,NV354,Boeing 737-800,BCN,Barcelone,Espagne,LIS,Lisbonne,Portugal,2023-01-29 13:21,2023-01-29 20:50,449,En avance,-27,Aucun,Aucun,217,226,96.0,Économique,591.45,1220.7,3665.8,1,Hiver,Sunday,1
ANV0211,AirNova,NV864,Embraer E190,ATH,Athènes,Grèce,LYS,Lyon,France,2024-03-13 11:11,2024-03-13 17:26,375,Retardé,219,Trafic aérien,Aucun,190,196,96.9,Économique Premium,57.97,1104.0,4089.7,1,Printemps,Wednesday,0
ANV0212,AirNova,NV402,Boeing 737 MAX,LIS,Lisbonne,Portugal,STR,Strasbourg,France,2023-12-13 05:54,2023-12-13 09:50,236,À l'heure,0,Aucun,Aucun,208,212,98.1,Économique,342.22,817.9,3172.7,1,Hiver,Wednesday,0
ANV0213,AirNova,NV456,Boeing 737 MAX,NCE,Nice,France,TLS,Toulouse,France,2024-10-07 16:53,2024-10-07 23:51,418,À l'heure,0,Aucun,Aucun,159,202,78.7,Économique,436.03,1480.7,3211.6,0,Automne,Monday,0
ANV0214,AirNova,NV919,Airbus A321,FCO,Rome,Italie,AMS,Amsterdam,Pays-Bas,2023-02-22 04:13,2023-02-22 07:31,198,À l'heure,0,Aucun,Aucun,109,111,98.2,Affaires,770.8,538.3,2674.9,1,Hiver,Wednesday,0
ANV0215,AirNova,NV290,Boeing 737 MAX,STR,Strasbourg,France,MUC,Munich,Allemagne,2023-05-16 12:02,2023-05-16 17:29,327,À l'heure,0,Aucun,Aucun,189,218,86.7,Économique Premium,246.08,1229.4,3194.5,1,Printemps,Tuesday,0
ANV0216,AirNova,NV164,Embraer E190,ATH,Athènes,Grèce,NTE,Nantes,France,2023-12-16 04:41,2023-12-16 10:29,348,À l'heure,0,Aucun,Aucun,81,135,60.0,Affaires,223.92,1432.9,2683.9,1,Hiver,Saturday,1
ANV0217,AirNova,NV754,Boeing 737-800,MUC,Munich,Allemagne,BOD,Bordeaux,France,2023-10-12 02:52,2023-10-12 06:23,211,À l'heure,0,Aucun,Aucun,109,142,76.8,Économique Premium,619.1,750.2,2358.7,1,Automne,Thursday,0
ANV0218,AirNova,NV729,Embraer E190,ATH,Athènes,Grèce,MAD,Madrid,Espagne,2024-03-31 22:33,2024-04-01 00:16,103,À l'heure,0,Aucun,Aucun,197,208,94.7,Affaires,740.68,422.4,782.1,1,Printemps,Sunday,1
ANV0219,AirNova,NV710,Airbus A321,TLS,Toulouse,France,LHR,Londres,Royaume-Uni,2023-04-02 13:06,2023-04-02 15:53,167,À l'heure,0,Aucun,Aucun,126,173,72.8,Affaires,638.42,547.2,1840.9,1,Printemps,Sunday,1
ANV0220,AirNova,NV422,Boeing 737 MAX,BCN,Barcelone,Espagne,BOD,Bordeaux,France,2024-01-14 00:11,2024-01-14 06:21,370,À l'heure,0,Aucun,Aucun,124,195,63.6,Économique Premium,190.84,1028.8,4194.3,1,Hiver,Sunday,1
ANV0221,AirNova,NV603,Boeing 737 MAX,LHR,Londres,Royaume-Uni,CDG,Paris,France,2024-01-12 09:45,2024-01-12 11:39,114,À l'heure,0,Aucun,Aucun,178,213,83.6,Économique Premium,478.62,378.3,1364.7,1,Hiver,Friday,0
ANV0222,AirNova,NV272,Boeing 737 MAX,FCO,Rome,Italie,FRA,Francfort,Allemagne,2023-05-10 21:49,2023-05-10 23:16,87,À l'heure,0,Aucun,Aucun,136,173,78.6,Économique,76.79,311.0,953.5,1,Printemps,Wednesday,0
ANV0223,AirNova,NV874,Airbus A320,MXP,Milan,Italie,LIS,Lisbonne,Portugal,2024-02-01 18:06,2024-02-01 19:48,102,À l'heure,0,Aucun,Aucun,148,217,68.2,Économique Premium,748.79,365.6,1256.6,1,Hiver,Thursday,0
ANV0224,AirNova,NV456,Airbus A320,FCO,Rome,Italie,LIS,Lisbonne,Portugal,2023-06-19 17:55,2023-06-19 22:17,262,À l'heure,0,Aucun,Aucun,143,181,79.0,Économique,792.59,890.7,2639.3,1,Été,Monday,0
ANV0225,AirNova,NV924,Airbus A320,MRS,Marseille,France,LIL,Lille,France,2023-06-13 00:24,2023-06-13 08:04,460,Retardé,194,Opérationnel,Aucun,122,200,61.0,Économique,167.35,1898.4,5055.6,0,Été,Tuesday,0
ANV0226,AirNova,NV795,Airbus A320,MUC,Munich,Allemagne,LIL,Lille,France,2024-04-08 14:14,2024-04-08 19:34,320,À l'heure,0,Aucun,Aucun,154,191,80.6,Affaires,535.83,1430.7,2543.7,1,Printemps,Monday,0
ANV0227,AirNova,NV879,Boeing 737 MAX,BCN,Barcelone,Espagne,LYS,Lyon,France,2023-08-04 09:41,2023-08-04 16:01,380,À l'heure,0,Aucun,Aucun,113,144,78.5,Économique Premium,173.31,1579.6,3962.0,1,Été,Friday,0
ANV0228,AirNova,NV998,Boeing 737-800,LIS,Lisbonne,Portugal,LIL,Lille,France,2024-05-02 15:16,2024-05-02 19:33,257,À l'heure,0,Aucun,Aucun,99,122,81.1,Affaires,391.42,785.5,2617.0,1,Printemps,Thursday,0
ANV0229,AirNova,NV539,Airbus A321,MXP,Milan,Italie,AMS,Amsterdam,Pays-Bas,2024-03-28 00:26,2024-03-28 01:12,46,Retardé,62,Opérationnel,Aucun,171,225,76.0,Affaires,102.83,151.6,481.3,1,Printemps,Thursday,0
ANV0230,AirNova,NV147,Airbus A320,AMS,Amsterdam,Pays-Bas,BRU,Bruxelles,Belgique,2023-09-20 08:12,2023-09-20 13:37,325,À l'heure,0,Aucun,Aucun,204,229,89.1,Affaires,341.18,1308.0,3699.6,1,Automne,Wednesday,0
ANV0231,AirNova,NV765,Boeing 737-800,FCO,Rome,Italie,CDG,Paris,France,2023-04-07 11:56,2023-04-07 14:01,125,À l'heure,0,Aucun,Aucun,80,189,42.3,Affaires,220.97,539.9,1014.1,1,Printemps,Friday,0
ANV0232,AirNova,NV740,Boeing 737-800,LIL,Lille,France,NCE,Nice,France,2024-05-23 10:24,2024-05-23 14:13,229,À l'heure,0,Aucun,Aucun,175,217,80.6,Économique,817.23,596.2,2766.8,0,Printemps,Thursday,0
ANV0233,AirNova,NV555,Airbus A320,STR,Strasbourg,France,FCO,Rome,Italie,2024-05-24 03:07,2024-05-24 04:38,91,Retardé,15,Technique,Aucun,202,204,99.0,Économique,161.79,322.0,642.1,1,Printemps,Friday,0
ANV0234,AirNova,NV476,Boeing 737-800,AMS,Amsterdam,Pays-Bas,MRS,Marseille,France,2024-10-30 05:54,2024-10-30 10:15,261,Retardé,259,Météo,Aucun,138,187,73.8,Économique,124.93,706.4,2077.5,1,Automne,Wednesday,0
ANV0235,AirNova,NV255,Boeing 737 MAX,TLS,Toulouse,France,BOD,Bordeaux,France,2023-02-23 03:17,2023-02-23 08:33,316,À l'heure,0,Aucun,Aucun,122,178,68.5,Économique,347.51,1186.9,3574.8,0,Hiver,Thursday,0
ANV0236,AirNova,NV422,Airbus A321,FCO,Rome,Italie,NTE,Nantes,France,2023-03-09 07:58,2023-03-09 09:34,96,À l'heure,0,Aucun,Aucun,111,186,59.7,Économique Premium,669.51,424.9,838.5,1,Printemps,Thursday,0
ANV0237,AirNova,NV310,Embraer E190,NCE,Nice,France,LIL,Lille,France,2024-03-05 20:03,2024-03-06 01:55,352,À l'heure,0,Aucun,Aucun,152,155,98.1,Affaires,769.71,1496.6,3959.5,0,Printemps,Tuesday,0
ANV0238,AirNova,NV708,Airbus A320,NTE,Nantes,France,BCN,Barcelone,Espagne,2023-08-18 13:18,2023-08-18 19:33,375,À l'heure,0,Aucun,Aucun,141,204,69.1,Économique,377.0,1312.2,4011.8,1,Été,Friday,0
ANV0239,AirNova,NV888,Airbus A320,CDG,Paris,France,MAD,Madrid,Espagne,2024-12-26 09:36,2024-12-26 13:03,207,À l'heure,0,Aucun,Aucun,187,210,89.0,Économique,513.4,833.3,1473.2,1,Hiver,Thursday,0
ANV0240,AirNova,NV885,Boeing 737 MAX,NCE,Nice,France,CDG,Paris,France,2023-07-23 15:29,2023-07-23 18:04,155,À l'heure,0,Aucun,Aucun,95,196,48.5,Affaires,479.62,608.4,1544.6,0,Été,Sunday,1
ANV0241,AirNova,NV308,Airbus A321,MAD,Madrid,Espagne,NCE,Nice,France,2024-05-12 12:28,2024-05-12 17:47,319,À l'heure,0,Aucun,Aucun,119,154,77.3,Économique,120.06,1123.7,3430.8,1,Printemps,Sunday,1
ANV0242,AirNova,NV218,Boeing 737 MAX,MAD,Madrid,Espagne,ATH,Athènes,Grèce,2024-05-07 16:06,2024-05-07 23:21,435,Retardé,48,Trafic aérien,Aucun,191,206,92.7,Économique,98.22,1891.9,4909.4,1,Printemps,Tuesday,0
ANV0243,AirNova,NV455,Embraer E190,LYS,Lyon,France,AMS,Amsterdam,Pays-Bas,2024-06-01 08:37,2024-06-01 15:41,424,Retardé,104,Météo,Aucun,83,118,70.3,Économique,645.27,1481.0,4503.1,1,Été,Saturday,1
ANV0244,AirNova,NV369,Embraer E190,LIL,Lille,France,BOD,Bordeaux,France,2023-10-16 20:08,2023-10-16 21:57,109,Retardé,152,Météo,Aucun,87,172,50.6,Économique Premium,735.04,386.7,1241.8,0,Automne,Monday,0
ANV0245,AirNova,NV790,Airbus A320,MXP,Milan,Italie,FCO,Rome,Italie,2024-02-01 17:39,2024-02-01 21:28,229,À l'heure,0,Aucun,Aucun,122,169,72.2,Économique,182.71,982.1,1969.1,0,Hiver,Thursday,0
ANV0246,AirNova,NV978,Airbus A320,FRA,Francfort,Allemagne,CDG,Paris,France,2023-02-04 04:55,2023-02-04 05:46,51,À l'heure,0,Aucun,Aucun,200,211,94.8,Économique,374.53,145.8,554.4,1,Hiver,Saturday,1
ANV0247,AirNova,NV614,Airbus A320,BCN,Barcelone,Espagne,STR,Strasbourg,France,2023-09-07 22:49,2023-09-08 01:41,172,À l'heure,0,Aucun,Aucun,161,195,82.6,Affaires,751.1,558.2,1419.9,1,Automne,Thursday,0
ANV0248,AirNova,NV305,Boeing 737-800,FRA,Francfort,Allemagne,LYS,Lyon,France,2023-11-08 09:46,2023-11-08 11:06,80,Annulé,0,Aucun,Grève,159,200,79.5,Économique Premium,122.43,201.3,875.7,1,Automne,Wednesday,0
ANV0249,AirNova,NV878,Airbus A321,BRU,Bruxelles,Belgique,STR,Strasbourg,France,2023-12-27 08:13,2023-12-27 12:06,233,À l'heure,0,Aucun,Aucun,206,230,89.6,Affaires,708.5,1002.1,1876.6,1,Hiver,Wednesday,0
ANV0250,AirNova,NV855,Boeing 737-800,BCN,Barcelone,Espagne,CDG,Paris,France,2023-06-30 23:23,2023-07-01 04:45,322,À l'heure,0,Aucun,Aucun,82,167,49.1,Affaires,50.24,1047.3,2488.3,1,Été,Friday,0
ANV0251,AirNova,NV632,Boeing 737 MAX,FRA,Francfort,Allemagne,STR,Strasbourg,France,2023-11-23 01:56,2023-11-23 06:52,296,En avance,-9,Aucun,Aucun,151,162,93.2,Économique,86.32,1271.2,3524.2,1,Automne,Thursday,0
ANV0252,AirNova,NV681,Airbus A320,LHR,Londres,Royaume-Uni,MXP,Milan,Italie,2024-08-03 21:51,2024-08-03 23:19,88,À l'heure,0,Aucun,Aucun,209,213,98.1,Économique Premium,590.63,233.2,883.9,1,Été,Saturday,1
ANV0253,AirNova,NV239,Embraer E190,TLS,Toulouse,France,LIL,Lille,France,2023-08-15 13:14,2023-08-15 16:12,178,Retardé,216,Trafic aérien,Aucun,161,218,73.9,Économique,280.16,780.9,1381.8,0,Été,Tuesday,0
ANV0254,AirNova,NV574,Boeing 737-800,MRS,Marseille,France,NTE,Nantes,France,2023-12-16 04:31,2023-12-16 09:14,283,À l'heure,0,Aucun,Aucun,110,178,61.8,Économique,353.54,963.3,3669.8,0,Hiver,Saturday,1
ANV0255,AirNova,NV828,Airbus A321,NCE,Nice,France,NTE,Nantes,France,2024-09-19 06:41,2024-09-19 13:17,396,À l'heure,0,Aucun,Aucun,90,145,62.1,Économique Premium,759.54,1107.5,5456.4,0,Automne,Thursday,0
ANV0256,AirNova,NV663,Airbus A321,MAD,Madrid,Espagne,MUC,Munich,Allemagne,2023-02-08 00:30,2023-02-08 07:01,391,À l'heure,0,Aucun,Aucun,124,127,97.6,Économique Premium,858.28,1412.3,2996.3,1,Hiver,Wednesday,0
ANV0257,AirNova,NV745,Airbus A320,MRS,Marseille,France,BOD,Bordeaux,France,2023-04-05 08:03,2023-04-05 08:54,51,À l'heure,0,Aucun,Aucun,136,152,89.5,Économique Premium,217.41,165.5,564.9,0,Printemps,Wednesday,0
ANV0258,AirNova,NV572,Airbus A320,LIL,Lille,France,NCE,Nice,France,2023-01-17 22:23,2023-01-17 23:41,78,À l'heure,0,Aucun,Aucun,193,201,96.0,Économique Premium,127.18,214.1,637.7,0,Hiver,Tuesday,0
ANV0259,AirNova,NV291,Boeing 737-800,LIS,Lisbonne,Portugal,BCN,Barcelone,Espagne,2024-09-30 05:19,2024-09-30 12:14,415,À l'heure,0,Aucun,Aucun,87,184,47.3,Économique,629.73,1331.3,3718.0,1,Automne,Monday,0
ANV0260,AirNova,NV189,Boeing 737-800,TLS,Toulouse,France,LYS,Lyon,France,2024-04-21 23:46,2024-04-22 05:48,362,À l'heure,0,Aucun,Aucun,155,218,71.1,Affaires,399.19,1251.8,3504.6,0,Printemps,Sunday,1
ANV0261,AirNova,NV657,Boeing 737 MAX,BCN,Barcelone,Espagne,NTE,Nantes,France,2024-05-14 03:54,2024-05-14 11:27,453,À l'heure,0,Aucun,Aucun,219,219,100.0,Affaires,889.99,1457.9,4261.9,1,Printemps,Tuesday,0
ANV0262,AirNova,NV897,Boeing 737-800,LIS,Lisbonne,Portugal,FRA,Francfort,Allemagne,2023-09-07 19:08,2023-09-07 23:11,243,À l'heure,0,Aucun,Aucun,86,167,51.5,Économique,556.55,1042.8,1800.7,1,Automne,Thursday,0
ANV0263,AirNova,NV646,Airbus A320,MXP,Milan,Italie,MUC,Munich,Allemagne,2023-10-05 15:01,2023-10-05 22:18,437,À l'heure,0,Aucun,Aucun,139,159,87.4,Affaires,134.11,1303.3,5396.2,1,Automne,Thursday,0
ANV0264,AirNova,NV814,Boeing 737-800,STR,Strasbourg,France,ATH,Athènes,Grèce,2024-10-19 11:59,2024-10-19 19:32,453,À l'heure,0,Aucun,Aucun,124,146,84.9,Économique Premium,250.07,1862.9,6069.2,1,Automne,Saturday,1
ANV0265,AirNova,NV192,Airbus A320,CDG,Paris,France,MAD,Madrid,Espagne,2024-03-16 21:47,2024-03-17 03:20,333,À l'heure,0,Aucun,Aucun,128,191,67.0,Économique,509.81,1159.1,2873.2,1,Printemps,Saturday,1
ANV0266,AirNova,NV964,Boeing 737-800,STR,Strasbourg,France,CDG,Paris,France,2024-02-13 21:42,2024-02-14 02:31,289,À l'heure,0,Aucun,Aucun,131,147,89.1,Économique,338.65,1253.6,2143.5,0,Hiver,Tuesday,0
ANV0267,AirNova,NV203,Boeing 737-800,TLS,Toulouse,France,ATH,Athènes,Grèce,2024-07-01 08:29,2024-07-01 10:26,117,Retardé,284,Trafic aérien,Aucun,98,193,50.8,Affaires,647.86,385.1,1066.1,1,Été,Monday,0
ANV0268,AirNova,NV728,Boeing 737-800,TLS,Toulouse,France,NTE,Nantes,France,2024-07-22 20:01,2024-07-23 00:29,268,Retardé,264,Trafic aérien,Aucun,124,214,57.9,Affaires,872.43,1146.8,2294.8,0,Été,Monday,0
ANV0269,AirNova,NV500,Embraer E190,LIS,Lisbonne,Portugal,BOD,Bordeaux,France,2023-10-21 21:35,2023-10-22 00:57,202,Retardé,165,Technique,Aucun,125,218,57.3,Affaires,50.53,888.3,1459.8,1,Automne,Saturday,1
ANV0270,AirNova,NV343,Boeing 737-800,ATH,Athènes,Grèce,AMS,Amsterdam,Pays-Bas,2024-12-16 09:23,2024-12-16 17:02,459,En avance,-12,Aucun,Aucun,106,225,47.1,Économique Premium,470.76,1831.7,6369.4,1,Hiver,Monday,0
ANV0271,AirNova,NV362,Airbus A320,BOD,Bordeaux,France,NCE,Nice,France,2024-09-30 04:53,2024-09-30 11:40,407,Retardé,186,Opérationnel,Aucun,82,149,55.0,Affaires,227.23,1072.7,4901.5,0,Automne,Monday,0
ANV0272,AirNova,NV484,Airbus A320,LYS,Lyon,France,BCN,Barcelone,Espagne,2023-12-07 09:00,2023-12-07 16:00,420,À l'heure,0,Aucun,Aucun,122,174,70.1,Économique Premium,468.12,1345.0,5376.7,1,Hiver,Thursday,0
ANV0273,AirNova,NV175,Boeing 737-800,LIS,Lisbonne,Portugal,STR,Strasbourg,France,2023-05-07 08:08,2023-05-07 12:44,276,À l'heure,0,Aucun,Aucun,88,163,54.0,Économique Premium,66.07,1215.3,2260.6,1,Printemps,Sunday,1
ANV0274,AirNova,NV821,Airbus A320,MAD,Madrid,Espagne,BOD,Bordeaux,France,2024-07-22 13:11,2024-07-22 14:34,83,À l'heure,0,Aucun,Aucun,103,189,54.5,Affaires,553.93,355.8,831.6,1,Été,Monday,0
ANV0275,AirNova,NV847,Embraer E190,BOD,Bordeaux,France,FCO,Rome,Italie,2023-05-03 00:37,2023-05-03 01:49,72,À l'heure,0,Aucun,Aucun,132,156,84.6,Affaires,396.89,284.0,637.7,1,Printemps,Wednesday,0
ANV0276,AirNova,NV189,Boeing 737-800,BRU,Bruxelles,Belgique,AMS,Amsterdam,Pays-Bas,2023-07-04 12:13,2023-07-04 13:47,94,À l'heure,0,Aucun,Aucun,220,227,96.9,Économique Premium,179.55,235.7,1200.1,1,Été,Tuesday,0
ANV0277,AirNova,NV218,Boeing 737-800,ATH,Athènes,Grèce,MXP,Milan,Italie,2023-06-05 02:12,2023-06-05 03:46,94,À l'heure,0,Aucun,Aucun,123,204,60.3,Économique,297.04,324.0,1174.4,1,Été,Monday,0
ANV0278,AirNova,NV556,Airbus A320,MXP,Milan,Italie,FRA,Francfort,Allemagne,2024-11-26 01:43,2024-11-26 08:06,383,À l'heure,0,Aucun,Aucun,219,225,97.3,Économique Premium,206.15,1240.5,3386.9,1,Automne,Tuesday,0
ANV0279,AirNova,NV784,Boeing 737-800,FCO,Rome,Italie,LIL,Lille,France,2023-06-25 17:27,2023-06-26 01:20,473,À l'heure,0,Aucun,Aucun,95,133,71.4,Affaires,688.4,1274.0,5986.9,1,Été,Sunday,1
ANV0280,AirNova,NV586,Embraer E190,BCN,Barcelone,Espagne,ATH,Athènes,Grèce,2023-06-26 17:08,2023-06-26 22:36,328,À l'heure,0,Aucun,Aucun,179,212,84.4,Affaires,404.84,1270.7,4320.3,1,Été,Monday,0
ANV0281,AirNova,NV793,Embraer E190,MXP,Milan,Italie,BRU,Bruxelles,Belgique,2023-03-03 07:49,2023-03-03 11:56,247,Annulé,0,Aucun,Problème technique majeur,88,216,40.7,Affaires,534.54,1012.9,1983.9,1,Printemps,Friday,0
ANV0282,AirNova,NV942,Airbus A321,FCO,Rome,Italie,BOD,Bordeaux,France,2023-05-10 20:10,2023-05-10 22:43,153,Retardé,79,Météo,Aucun,188,193,97.4,Économique Premium,889.04,444.3,1964.3,1,Printemps,Wednesday,0
ANV0283,AirNova,NV382,Embraer E190,LIL,Lille,France,LHR,Londres,Royaume-Uni,2024-12-08 10:37,2024-12-08 17:34,417,Annulé,0,Aucun,Météo extrême,102,201,50.7,Affaires,521.91,1314.5,4256.4,1,Hiver,Sunday,1
ANV0284,AirNova,NV202,Airbus A320,CDG,Paris,France,ATH,Athènes,Grèce,2024-02-10 21:15,2024-02-11 04:40,445,À l'heure,0,Aucun,Aucun,186,195,95.4,Affaires,174.97,1631.1,4867.8,1,Hiver,Saturday,1
ANV0285,AirNova,NV138,Airbus A321,MRS,Marseille,France,AMS,Amsterdam,Pays-Bas,2024-11-04 18:54,2024-11-05 00:13,319,Annulé,0,Aucun,Grève,147,196,75.0,Affaires,605.57,1186.0,2848.0,1,Automne,Monday,0
ANV0286,AirNova,NV120,Boeing 737-800,TLS,Toulouse,France,BCN,Barcelone,Espagne,2023-01-31 02:57,2023-01-31 07:04,247,Annulé,0,Aucun,Grève,140,146,95.9,Économique Premium,682.89,1060.6,3142.3,1,Hiver,Tuesday,0
ANV0287,AirNova,NV861,Boeing 737 MAX,BRU,Bruxelles,Belgique,AMS,Amsterdam,Pays-Bas,2023-08-06 18:02,2023-08-07 01:58,476,À l'heure,0,Aucun,Aucun,105,229,45.9,Économique,787.57,1476.1,5911.1,1,Été,Sunday,1
ANV0288,AirNova,NV877,Embraer E190,AMS,Amsterdam,Pays-Bas,LIL,Lille,France,2024-07-20 01:48,2024-07-20 06:06,258,À l'heure,0,Aucun,Aucun,102,150,68.0,Économique Premium,424.46,1027.3,3372.1,1,Été,Saturday,1
ANV0289,AirNova,NV129,Airbus A321,LYS,Lyon,France,MUC,Munich,Allemagne,2024-09-06 18:27,2024-09-06 20:33,126,À l'heure,0,Aucun,Aucun,209,221,94.6,Affaires,164.3,536.6,1052.0,1,Automne,Friday,0
ANV0290,AirNova,NV617,Boeing 737 MAX,NTE,Nantes,France,LYS,Lyon,France,2023-07-13 18:50,2023-07-13 19:51,61,À l'heure,0,Aucun,Aucun,172,217,79.3,Économique Premium,218.24,253.0,698.3,0,Été,Thursday,0
ANV0291,AirNova,NV458,Boeing 737-800,MRS,Marseille,France,CDG,Paris,France,2023-07-07 22:03,2023-07-08 01:58,235,À l'heure,0,Aucun,Aucun,194,205,94.6,Économique Premium,865.44,863.3,1914.0,0,Été,Friday,0
ANV0292,AirNova,NV762,Airbus A321,LIL,Lille,France,NCE,Nice,France,2023-08-10 10:04,2023-08-10 11:03,59,À l'heure,0,Aucun,Aucun,121,230,52.6,Économique,535.42,248.6,692.9,0,Été,Thursday,0
ANV0293,AirNova,NV722,Boeing 737-800,LIL,Lille,France,FCO,Rome,Italie,2024-02-03 16:15,2024-02-03 17:10,55,Retardé,19,Opérationnel,Aucun,113,195,57.9,Économique,196.22,162.1,659.4,1,Hiver,Saturday,1
ANV0294,AirNova,NV506,Embraer E190,LIL,Lille,France,FCO,Rome,Italie,2024-11-26 13:00,2024-11-26 16:57,237,Retardé,250,Trafic aérien,Aucun,135,194,69.6,Affaires,305.82,983.2,1828.7,1,Automne,Tuesday,0
ANV0295,AirNova,NV383,Boeing 737-800,FRA,Francfort,Allemagne,LHR,Londres,Royaume-Uni,2024-03-12 02:19,2024-03-12 08:35,376,À l'heure,0,Aucun,Aucun,152,190,80.0,Économique Premium,630.75,988.0,4899.4,1,Printemps,Tuesday,0
ANV0296,AirNova,NV427,Airbus A321,LIL,Lille,France,AMS,Amsterdam,Pays-Bas,2023-05-27 07:17,2023-05-27 09:18,121,À l'heure,0,Aucun,Aucun,141,148,95.3,Affaires,733.62,400.3,1457.9,1,Printemps,Saturday,1
ANV0297,AirNova,NV647,Boeing 737 MAX,MXP,Milan,Italie,BRU,Bruxelles,Belgique,2023-07-21 12:03,2023-07-21 16:22,259,À l'heure,0,Aucun,Aucun,89,137,65.0,Affaires,340.69,762.7,3456.5,1,Été,Friday,0
ANV0298,AirNova,NV842,Embraer E190,LHR,Londres,Royaume-Uni,MUC,Munich,Allemagne,2023-08-22 04:02,2023-08-22 11:59,477,À l'heure,0,Aucun,Aucun,126,163,77.3,Économique,131.96,1899.3,5886.4,1,Été,Tuesday,0
ANV0299,AirNova,NV699,Boeing 737-800,BOD,Bordeaux,France,LHR,Londres,Royaume-Uni,2024-05-23 07:32,2024-05-23 09:02,90,À l'heure,0,Aucun,Aucun,137,176,77.8,Économique Premium,406.4,291.9,922.2,1,Printemps,Thursday,0
ANV0300,AirNova,NV797,Boeing 737 MAX,MRS,Marseille,France,FRA,Francfort,Allemagne,2023-02-11 16:36,2023-02-11 22:45,369,À l'heure,0,Aucun,Aucun,98,218,45.0,Affaires,805.01,1010.9,3951.6,1,Hiver,Saturday,1
